Program Plan,CRICOS Code,
MC262,088089C,
MC283,107042A,
MC282,107034A,
MC221,079932C,
MC193,078873F,
MC214,079083F,
MR214,079695M,
MC220P24,113706D,
MC220ACC24,113706D,
MC219P24,113707C,
MC219ACC,113707C,
MC198P15,077513E,
MC004P12,074919G,
MC150P15,058234C,
MC287,115014E,
MC284,116509G,
MR210,079693B,
MR226,079828C,
MR225,079827D,
MR228,079699G,
MR222,079824G,
MR234,085836G,
MR223,079825F,
MR232,079687M,
MR221,079697J,
MR224,079826E,
MR227,079691D,
MR230,079681F,
MR229,079823G,
MR231,079684C,
MC216,079593F,
MC212,085116G,
MC210EN,079796F,
MC210IT,079796F,
MC210PDPM,079796F,
MC210PM,079796F,
MC194P15,077509A,
MC270,096091J,
MC188,079084E,
MC197P15,077512F,
MC172,064392E,
MC158,056171G,
MC223,079595D,
MC192P15,078875D,
MC208,079795G,
MC263,088784B,
MC265,092796G,
MC237,094062G,
MR208,079690E,
MC266,092466D,
MC201P15,077516B,
MC213P15,079302M,
MC246P20,100990,
MC234P25,116508H,
MC229,079934A,
MC256,087985A,
MC258,087987K,
MC161P14,103207F,
MC271,O100716,
MC279,103206G,
MR216,079834E,
MC226,079801C,
MR219,079821K,
MC233,079804M,
MC235P25,116510C,
MC180P25,116507J,
MR220,079696K,
MR218,079820M,
MC257,087986M,
MR217,079819D,
MC225P16,088786M,
MR215,079832G,
MC209,084668E,
MR209,079692C,
MC231,080000D,
MC002P16,093570G,
MR211,079815G,
MR213,079694A,
MR207,079688K,
MR235,099062A,
MC267,093313B,
MC159P25,116688K,
MC250,084351D,
MC248,083948E,
MC288,113702H,
MC200P15,077515C,
MC199P15,077514D,
MR202,079733K,
MR204,079682E,
MR203,079679M,
MR201,079732M,
MR205,079686A,
MR200,079731A,
MC111P03,045512D,
MC280,103234C,
MC281,103235B,
MC163,060829B,
MR233,079700G,
MR212,079830J,
MC232,084348K,
MC242,081540A,
MC249,083949D,
MC275,O100719,
GD168P13,061260G,
GD194,093312C,
GD194EN,093312C,
GD194IT,093312C,
GD194PDPM,093312C,
GD158,073315K,
GC035,107036K,
GC195,107041B,
GC218,116818E,
GD074P5,012959A,
GD052P13,107035M,
GD204P25,O100711,
GD090P6,103216E,
GD189,103219B,
GD203,O100718,
GC212,113704F,
GC166,O100717,
GC055P13,084996MÊ,
GC185,10498E,
GC205,110719A,
GC042P03IT,093311D,
GC042P03PM,093311D,
GC119,084995A,
GC053,085022B,
GC153P24,084998J,
GC161,088783C,
GC048,085023A,
GC051P6,103225D,
GC099P12B,085024M,
GC129,084999G,
GC163,103226C,
GC180,103208E,
GC192,104979J,
GC047P6,084997K,
GC206,108312J,
GC213,,
FS022BUS,108492M,
FS022SES,108492M,
FS022ADA,108492M,
FS022SHH,108492M,
FS022COM,108492M,
FS022SIT,108492M,
MC162P17,058615A,
DR202,079813K,
DR226,079730B,
DR225,079729F,
DR228,079698G,
DR211,079814J,
DR216,079833F,
DR222,079726J,
DR204,079805K,
DR206,079808G,
DR234,085837G,
DR210,079812M,
DR223,079727G,
DR232,079685B,
DR213,079719G,
DR219,079818E,
DR220,079720D,
DR209,079811A,
DR203,079802B,
DR235,099063M,
DR221,079721C,
DR224,079728G,
DR218,079817F,
DR217,079816G,
DR205,079807G,
DR201,079798D,
DR212,079829B,
DR227,079689J,
DR208,079810B,
DR207,079809F,
DR230,079680G,
DR229,079822J,
DR231,079683D,
DR215,079831G,
DR200,079794G,
C5414,108040F,
C5412,107883D,
C5413,107883D,
C5421,107883D,
C5435,114571F,
C5411,108041E,
C5417,110709C,
C5417BU,110709C,
C4433,112039J,
C5434,112044A,
C5431,111975K,
C5402,107251C,
C5402CE,107251C,
C5402CS,107251C,
C5402AN,107251C,
C5401,105217K,
C5406,107881F,
C5418,104848J,
DP020,111278B,
DP017,104537B,
C5415,103765J,
C5415BU,103765J,
C5424,113125C,
C5409,105817H,
C4434,112049G,
C4415,110048B,
C4414,105791B,
C4389,094157A,
C4435,109949H,
BP322,098456B,
BH108,080010B,
BH124,096891K,
BP357,115036K,
BP330P23,110983G,
BP083P23,111273G,
BP321RTP25,117342F,
BP321NMP25,117343E,
BP096P25,116687M,
BP332P25,116297C,
"BH106SOSDD, BH106SWDD",079592G,
BH105,079596C,
BP112,035023D,
BH131,116817F,
BH117P23,110980K,
"BP289FTNDD, BP289BUSDD",111274F,
BP199P23,110979C,
BP293SBT25/ BP293BSDD,116912G,
BP350,110982H,
BH012BI,O101485,
BH012BT,O101486,
BH012CH,O101487,
BH012ES,O101488,
BH012PH,O101489,
BH012MS,O101490,
BH012CS,O101491,
BH012FT,O101492,
"BH098SACDD, BH098ECHDD",079787G,
BH102P24,114028G,
BH121,092331G,
BP311P23,110986D,
BP032P24,114027H,
BP032P24D2,114027H,
BH066,074925J,
BP204P16,052088A,
BP256P15,066833B,
BH060P16,055811K,
BH115,083945G,
BP162P23,110803E,
BP349,110802F,
BH104P25,080225J,
BP319,098456B,
BP231OST,114236K,
"BP280HSDD, BP280CSCDD",077044G,
"BP278HSDD, BP278CMDD",077042J,
"BP279HSDD, BP279CSODD",077043G,
BH058P18,084885G,
"BP193ENVDD, BP193ENS23",111277C,
"BH096ESDD, BH096EEHDD",079786G,
BP192P23,110981J,
BP000P16,027119G,
BH000P24,116393C,
"""BH122CEH23/ BH122PSCDD""",116911H,
BH076P23,110994D,
"BH089MEH23, BH089BUSDD",111185G,
BH070P23,110991G,
BH080P23,110998M,
BH075P23,110993E,
BH073P23,110992F,
"BH091CNH23, BH091CSDD",110988B,
BH072,079618B,
"BH088CIH23, BH088BUSDD",111186F,
BH077P23,110995C,
BH079P23,110997A,
BH069P23,110990H,
"BH111ECH23, BH111BUSDD",111191J,
BH074,079774A,
"BH082AEH23, BH082BUSDD",111187E,
BH078P23,110996B,
"BH086AMH23, BH086BUSDD",111184H,
BH068P23,110989A,
BH126,O100714,
BH127,100706,
BP320P24,113709A,
BP320PEC24,113708B,
BP320PSE,116298B,
BP214P12,074978G,
BP309,080226G,
BP115P04,012348F,
BP115P26,012348F,
BP203P14,079976B,
BP295P16,077658K,
BP023P16,012347G,
BP094P23,110797J,
BP347,110798H,
BP354,113705E,
BP221,048667E,
BP221ACC,055813G,
BP220,048668D,
BH064,064712E,
BP335,103210M,
BP351,110718B,
BP346BLDD/BP346BBDD,110717C,
BP359BADD/BP359BCDD,115519B,
BP358BLDD/BP358BCDD,115520J,
BP352BADD,111275E,
BP360BLDD/BP360PCDD,116506K,
BP353BADD,111276D,
BP340P23,110801G,
BP355,114324K,
BP356,114320C,
BP348,110804D,
BP343,106623K,
BP344,106622M,
BH129,110987C,
BH130,116392D,
BP231P23,110985E,
BP121P20,O100707,
BH125,096092G,
BP117,006593K,
BP047,065131G,
BH049,049567A,
BH052,006591A,
BP201P16,088785A,
BP257,065130G,
BP250,060830J,
BH116P23,110978D,
BH120CY,115631B,
BP154P23,110984F,
BP326,O100710,
BP327,O100708,
BP328,100709,
BH113P24,113429J ,
BH112P24,113427M,
BH114P24,113362A,
"BP284ASA23, BP284BUSDD",111189C,
BP070P23,111188D,
BP345P23,111190K,
AD017,078871G,
AD016,074927G,
AD020,078836M,
AD006P24,113595F,
AD019P24,077364B,
AD022,078839G,
AD030,116398J,
AD026,079303K,
AD028,104983B,
AD007,061154K,
AD029,111279A,
AD023A,077041K,
AD023BN,077041K,
AD012P24,113597D,
C6174,110047C,
C6173,107884C,
C6172,107884C,
C6162,098561A,
C6182,114569M,
C6186,112017D,
C6187,112017D,
C6178,103390B,
C6188,114568A,
C6181,113126B,
,053516M,
,018594K,
FS022ADA,108492M,
FS022COM,108492M,
FS022SIT,108492M,
FS022SES,108492M,
FS022SHH,108492M,
FS022BUS,108492M,